<ImportExportXml xmlns:xsi="http://www.w3.org/2001/XMLSchema-instance">
  <Entities>
    <Entity>
      <Name LocalizedName="User" OriginalName="">SystemUser</Name>
      <EntityInfo>
        <entity Name="SystemUser">
          <attributes>
            <attribute PhysicalName="jd_tester">
              <Type>bit</Type>
              <Name>jd_tester</Name>
              <LogicalName>jd_tester</LogicalName>
              <RequiredLevel>none</RequiredLevel>
              <DisplayMask>ValidForAdvancedFind|ValidForForm|ValidForGrid</DisplayMask>
              <ImeMode>auto</ImeMode>
              <ValidForUpdateApi>1</ValidForUpdateApi>
              <ValidForReadApi>1</ValidForReadApi>
              <ValidForCreateApi>1</ValidForCreateApi>
              <IsCustomField>1</IsCustomField>
              <IsAuditEnabled>1</IsAuditEnabled>
              <IsSecured>0</IsSecured>
              <IntroducedVersion>1.0.0.0</IntroducedVersion>
              <IsCustomizable>1</IsCustomizable>
              <IsRenameable>1</IsRenameable>
              <CanModifySearchSettings>1</CanModifySearchSettings>
              <CanModifyRequirementLevelSettings>1</CanModifyRequirementLevelSettings>
              <CanModifyAdditionalSettings>1</CanModifyAdditionalSettings>
              <SourceType>0</SourceType>
              <IsGlobalFilterEnabled>0</IsGlobalFilterEnabled>
              <IsSortableEnabled>0</IsSortableEnabled>
              <CanModifyGlobalFilterSettings>1</CanModifyGlobalFilterSettings>
              <CanModifyIsSortableSettings>1</CanModifyIsSortableSettings>
              <IsDataSourceSecret>0</IsDataSourceSecret>
              <AutoNumberFormat></AutoNumberFormat>
              <IsSearchable>0</IsSearchable>
              <IsFilterable>0</IsFilterable>
              <IsRetrievable>0</IsRetrievable>
              <IsLocalizable>0</IsLocalizable>
              <AppDefaultValue>0</AppDefaultValue>
              <optionset Name="jd_systemuser_jd_tester">
                <OptionSetType>bit</OptionSetType>
                <IntroducedVersion>1.0.0.0</IntroducedVersion>
                <IsCustomizable>1</IsCustomizable>
                <ExternalTypeName></ExternalTypeName>
                <displaynames>
                  <displayname description="tester" languagecode="1033" />
                </displaynames>
                <Descriptions>
                  <Description description="" languagecode="1033" />
                </Descriptions>
                <options>
                  <option value="1" ExternalValue="">
                    <labels>
                      <label description="Yes" languagecode="1033" />
                    </labels>
                  </option>
                  <option value="0" ExternalValue="">
                    <labels>
                      <label description="No" languagecode="1033" />
                    </labels>
                  </option>
                </options>
              </optionset>
              <displaynames>
                <displayname description="tester" languagecode="1033" />
              </displaynames>
              <Descriptions>
                <Description description="" languagecode="1033" />
              </Descriptions>
            </attribute>
          </attributes>
        </entity>
      </EntityInfo>
      <FormXml>
        <forms type="main">
          <systemform>
            <formid>{c2cd9e55-d4b4-4b55-9951-16ead79643e5}</formid>
            <IntroducedVersion>6.0.0.1</IntroducedVersion>
            <FormPresentation>1</FormPresentation>
            <FormActivationState>1</FormActivationState>
            <form showImage="true" headerdensity="HighWithControls" solutionaction="Modified">
              <tabs>
                <tab name="VirtualAgentSummaryTab" id="{8d3421d6-e285-462e-a984-b8281d842d74}" IsUserDefined="0" locklevel="0" showlabel="true" expanded="true" visible="false" ordinalvalue="0">
                  <columns>
                    <column width="34%" id="0">
                      <sections>
                        <section name="tab_7_section_1" showlabel="false" showbar="false" locklevel="0" id="{1a187ed6-ca72-885e-c9bc-409ee83eab3c}" IsUserDefined="0" layout="varwidth" columns="1" labelwidth="115" ordinalvalue="0">
                          <rows>
                            <row>
                              <cell id="{73beeb7b-7e51-4d8e-be3e-7eddd5244cfb}" locklevel="0" colspan="1" rowspan="1" ordinalvalue="10003" solutionaction="Added">
                                <labels>
                                  <label description="" languagecode="1033" />
                                </labels>
                                <control id="jd_tester" classid="{67FAC785-CD58-4F9F-ABB3-4B7DDC6ED5ED}" datafieldname="jd_tester" disabled="false" />
                              </cell>
                            </row>
                          </rows>
                        </section>
                      </sections>
                    </column>
                  </columns>
                </tab>
              </tabs>
              <header id="{65626c77-ea6b-410c-92d9-8154fce40599}" celllabelposition="Top" columns="111" labelwidth="115" celllabelalignment="Left" solutionaction="Added">
                <rows>
                  <row>
                    <cell id="{e17a6ed4-f663-465c-8679-7033bb7627b9}" showlabel="false" ordinalvalue="10000">
                      <labels>
                        <label description="" languagecode="1033" />
                      </labels>
                    </cell>
                    <cell id="{bf8d0194-65e6-4aa1-8a22-f075d62f8155}" showlabel="false" ordinalvalue="20001">
                      <labels>
                        <label description="" languagecode="1033" />
                      </labels>
                    </cell>
                    <cell id="{610d5ad6-4380-4b0b-8f3a-6f3ddc66bf97}" showlabel="false" ordinalvalue="30002">
                      <labels>
                        <label description="" languagecode="1033" />
                      </labels>
                    </cell>
                  </row>
                </rows>
              </header>
            </form>
            <LocalizedNames>
              <LocalizedName description="User" languagecode="1033" />
            </LocalizedNames>
            <Descriptions>
              <Description description="Updated default User form" languagecode="1033" />
            </Descriptions>
          </systemform>
        </forms>
      </FormXml>
      <RibbonDiffXml>
        <CustomActions />
        <Templates>
          <RibbonTemplates Id="Mscrm.Templates"></RibbonTemplates>
        </Templates>
        <CommandDefinitions />
        <RuleDefinitions>
          <TabDisplayRules />
          <DisplayRules />
          <EnableRules />
        </RuleDefinitions>
        <LocLabels />
      </RibbonDiffXml>
    </Entity>
  </Entities>
  <Roles></Roles>
  <Workflows>
    <Workflow WorkflowId="{837a0ebf-adb6-ec11-983f-0022482bf535}" Name="Create task on update of contact">
      <JsonFileName>/Workflows/Createtaskonupdateofcontact-837A0EBF-ADB6-EC11-983F-0022482BF535.json</JsonFileName>
      <Type>1</Type>
      <Subprocess>0</Subprocess>
      <Category>5</Category>
      <Mode>0</Mode>
      <Scope>4</Scope>
      <OnDemand>0</OnDemand>
      <TriggerOnCreate>0</TriggerOnCreate>
      <TriggerOnDelete>0</TriggerOnDelete>
      <AsyncAutodelete>0</AsyncAutodelete>
      <SyncWorkflowLogOnFailure>0</SyncWorkflowLogOnFailure>
      <StateCode>0</StateCode>
      <StatusCode>1</StatusCode>
      <RunAs>1</RunAs>
      <IsTransacted>1</IsTransacted>
      <IntroducedVersion>1.0.0.0</IntroducedVersion>
      <IsCustomizable>1</IsCustomizable>
      <BusinessProcessType>0</BusinessProcessType>
      <IsCustomProcessingStepAllowedForOtherPublishers>1</IsCustomProcessingStepAllowedForOtherPublishers>
      <PrimaryEntity>none</PrimaryEntity>
      <LocalizedNames>
        <LocalizedName languagecode="1033" description="Create task on update of contact" />
      </LocalizedNames>
    </Workflow>
  </Workflows>
  <FieldSecurityProfiles></FieldSecurityProfiles>
  <Templates />
  <EntityMaps />
  <EntityRelationships />
  <OrganizationSettings />
  <optionsets />
  <CustomControls />
  <EntityDataProviders />
  <CanvasApps>
    <CanvasApp>
      <Name>jd_jddemo_371e4</Name>
      <AppVersion>2023-12-13T14:59:52Z</AppVersion>
      <Status>Ready</Status>
      <CreatedByClientVersion>3.23114.25.0</CreatedByClientVersion>
      <MinClientVersion>3.23114.25.0</MinClientVersion>
      <Tags>{"primaryDeviceWidth":"1366","primaryDeviceHeight":"768","supportsPortrait":"true","supportsLandscape":"true","primaryFormFactor":"Tablet","showStatusBar":"false","publisherVersion":"3.23114.25","minimumRequiredApiVersion":"2.2.0","hasComponent":"false","hasUnlockedComponent":"false","isUnifiedRootApp":"false","offlineLargeFilesSupport":"false"}</Tags>
      <IsCdsUpgraded>0</IsCdsUpgraded>
      <GalleryItemId xsi:nil="true"></GalleryItemId>
      <BackgroundColor>RGBA(0,176,240,1)</BackgroundColor>
      <DisplayName>jd_demo</DisplayName>
      <Description xsi:nil="true"></Description>
      <CommitMessage xsi:nil="true"></CommitMessage>
      <Publisher xsi:nil="true"></Publisher>
      <AuthorizationReferences>[]</AuthorizationReferences>
      <ConnectionReferences>{}</ConnectionReferences>
      <DatabaseReferences>{"default.cds":{"databaseDetails":{"referenceType":"NotSpecified","environmentName":"default.cds","overrideValues":{"status":"NotSpecified","environmentVariableName":""}},"dataSources":{"Contacts":{"entitySetName":"contacts","logicalName":"contact"}}}}</DatabaseReferences>
      <AppComponents>[]</AppComponents>
      <AppComponentDependencies>[]</AppComponentDependencies>
      <CanConsumeAppPass>1</CanConsumeAppPass>
      <CanvasAppType>0</CanvasAppType>
      <BypassConsent>0</BypassConsent>
      <AdminControlBypassConsent>0</AdminControlBypassConsent>
      <EmbeddedApp xsi:nil="true"></EmbeddedApp>
      <IntroducedVersion>1.0</IntroducedVersion>
      <CdsDependencies>{"cdsdependencies":[{"logicalname":"contact","componenttype":1}]}</CdsDependencies>
      <IsCustomizable>1</IsCustomizable>
      <BackgroundImageUri>/CanvasApps/jd_jddemo_371e4_BackgroundImageUri</BackgroundImageUri>
      <DocumentUri>/CanvasApps/jd_jddemo_371e4_DocumentUri.msapp</DocumentUri>
      <AdditionalUris>
        <AdditionalUri>/CanvasApps/jd_jddemo_371e4_AdditionalUris0_identity.json</AdditionalUri>
      </AdditionalUris>
    </CanvasApp>
  </CanvasApps>
  <connectionreferences>
    <connectionreference connectionreferencelogicalname="msdyn_Dataverse"></connectionreference>
  </connectionreferences>
  <Languages>
    <Language>1033</Language>
  </Languages>
</ImportExportXml>