<ImportExportXml xmlns:xsi="http://www.w3.org/2001/XMLSchema-instance">
  <Entities>
    <Entity>
      <Name LocalizedName="User" OriginalName="">SystemUser</Name>
      <EntityInfo>
        <entity Name="SystemUser">
          <attributes>
            <attribute PhysicalName="jd_tester">
              <Type>bit</Type>
              <Name>jd_tester</Name>
              <LogicalName>jd_tester</LogicalName>
              <RequiredLevel>none</RequiredLevel>
              <DisplayMask>ValidForAdvancedFind|ValidForForm|ValidForGrid</DisplayMask>
              <ImeMode>auto</ImeMode>
              <ValidForUpdateApi>1</ValidForUpdateApi>
              <ValidForReadApi>1</ValidForReadApi>
              <ValidForCreateApi>1</ValidForCreateApi>
              <IsCustomField>1</IsCustomField>
              <IsAuditEnabled>1</IsAuditEnabled>
              <IsSecured>0</IsSecured>
              <IntroducedVersion>1.0.0.0</IntroducedVersion>
              <IsCustomizable>1</IsCustomizable>
              <IsRenameable>1</IsRenameable>
              <CanModifySearchSettings>1</CanModifySearchSettings>
              <CanModifyRequirementLevelSettings>1</CanModifyRequirementLevelSettings>
              <CanModifyAdditionalSettings>1</CanModifyAdditionalSettings>
              <SourceType>0</SourceType>
              <IsGlobalFilterEnabled>0</IsGlobalFilterEnabled>
              <IsSortableEnabled>0</IsSortableEnabled>
              <CanModifyGlobalFilterSettings>1</CanModifyGlobalFilterSettings>
              <CanModifyIsSortableSettings>1</CanModifyIsSortableSettings>
              <IsDataSourceSecret>0</IsDataSourceSecret>
              <AutoNumberFormat></AutoNumberFormat>
              <IsSearchable>0</IsSearchable>
              <IsFilterable>0</IsFilterable>
              <IsRetrievable>0</IsRetrievable>
              <IsLocalizable>0</IsLocalizable>
              <AppDefaultValue>0</AppDefaultValue>
              <optionset Name="jd_systemuser_jd_tester">
                <OptionSetType>bit</OptionSetType>
                <IntroducedVersion>1.0.0.0</IntroducedVersion>
                <IsCustomizable>1</IsCustomizable>
                <ExternalTypeName></ExternalTypeName>
                <displaynames>
                  <displayname description="tester" languagecode="1033" />
                </displaynames>
                <Descriptions>
                  <Description description="" languagecode="1033" />
                </Descriptions>
                <options>
                  <option value="1" ExternalValue="">
                    <labels>
                      <label description="Yes" languagecode="1033" />
                    </labels>
                  </option>
                  <option value="0" ExternalValue="">
                    <labels>
                      <label description="No" languagecode="1033" />
                    </labels>
                  </option>
                </options>
              </optionset>
              <displaynames>
                <displayname description="tester" languagecode="1033" />
              </displaynames>
              <Descriptions>
                <Description description="" languagecode="1033" />
              </Descriptions>
            </attribute>
          </attributes>
        </entity>
      </EntityInfo>
      <FormXml>
        <forms type="main">
          <systemform>
            <formid>{c2cd9e55-d4b4-4b55-9951-16ead79643e5}</formid>
            <IntroducedVersion>6.0.0.1</IntroducedVersion>
            <FormPresentation>1</FormPresentation>
            <FormActivationState>1</FormActivationState>
            <form showImage="true" headerdensity="HighWithControls" solutionaction="Modified">
              <tabs>
                <tab name="VirtualAgentSummaryTab" id="{8d3421d6-e285-462e-a984-b8281d842d74}" IsUserDefined="0" locklevel="0" showlabel="true" expanded="true" visible="false" ordinalvalue="0">
                  <columns>
                    <column width="34%" id="0">
                      <sections>
                        <section name="tab_7_section_1" showlabel="false" showbar="false" locklevel="0" id="{1a187ed6-ca72-885e-c9bc-409ee83eab3c}" IsUserDefined="0" layout="varwidth" columns="1" labelwidth="115" ordinalvalue="0">
                          <rows>
                            <row>
                              <cell id="{73beeb7b-7e51-4d8e-be3e-7eddd5244cfb}" locklevel="0" colspan="1" rowspan="1" ordinalvalue="10003" solutionaction="Added">
                                <labels>
                                  <label description="tester" languagecode="1033" />
                                </labels>
                                <control id="jd_tester" classid="{67FAC785-CD58-4F9F-ABB3-4B7DDC6ED5ED}" datafieldname="jd_tester" disabled="false" />
                              </cell>
                            </row>
                          </rows>
                        </section>
                      </sections>
                    </column>
                  </columns>
                </tab>
                <tab name="SUMMARY_TAB" id="{33c4221d-ccb0-4a92-853e-369d2d0adb85}" IsUserDefined="0" showlabel="true" expanded="true" ordinalvalue="2">
                  <columns>
                    <column width="33%" id="0">
                      <sections>
                        <section name="onpremise account information" showlabel="true" showbar="true" id="{a89a591d-8259-4e19-8bc4-514f3312928f}" IsUserDefined="0" locklevel="0" ordinalvalue="0">
                          <rows>
                            <row>
                              <cell auto="false" showlabel="true" locklevel="0" rowspan="1" colspan="1" id="{260074a5-5be0-4304-a223-91a242bc79e7}" ordinalvalue="10000">
                                <labels>
                                  <label description="User Name" languagecode="1033" solutionaction="Modified" />
                                </labels>
                              </cell>
                            </row>
                          </rows>
                        </section>
                        <section name="online account information" showlabel="true" showbar="true" id="{50c53b90-8e97-4da4-8069-041d6a58aa05}" IsUserDefined="0" locklevel="0" ordinalvalue="1">
                          <rows>
                            <row>
                              <cell auto="false" showlabel="true" locklevel="0" rowspan="1" colspan="1" id="{78ba55b2-173e-42c9-b579-84f96926059f}" ordinalvalue="10000">
                                <labels>
                                  <label description="Windows Live ID" languagecode="1033" solutionaction="Modified" />
                                </labels>
                              </cell>
                            </row>
                            <row>
                              <cell auto="false" showlabel="true" locklevel="0" rowspan="1" colspan="1" id="{8b90bd6f-0038-4faf-82c2-ca8990c47409}" ordinalvalue="10001">
                                <labels>
                                  <label description="Invitation Status" languagecode="1033" solutionaction="Modified" />
                                </labels>
                              </cell>
                            </row>
                          </rows>
                        </section>
                        <section name="user information" showlabel="true" showbar="true" id="{9b914e4e-027c-4e9c-90d7-59daed00fd53}" IsUserDefined="0" locklevel="0" ordinalvalue="2">
                          <rows>
                            <row>
                              <cell id="{798b6bcb-5447-4b57-b416-7c7420311f98}" ordinalvalue="10000">
                                <labels>
                                  <label description="Full Name" languagecode="1033" solutionaction="Modified" />
                                </labels>
                              </cell>
                            </row>
                            <row>
                              <cell id="{34693a7e-3bc8-b55e-18e3-b188e1250753}" showlabel="true" locklevel="0" ordinalvalue="10001">
                                <labels>
                                  <label description="Nickname" languagecode="1033" solutionaction="Modified" />
                                </labels>
                              </cell>
                            </row>
                            <row>
                              <cell id="{f605c7f9-5bff-49f3-8508-419d37ced40e}" ordinalvalue="10002">
                                <labels>
                                  <label description="Title" languagecode="1033" solutionaction="Modified" />
                                </labels>
                              </cell>
                            </row>
                            <row>
                              <cell id="{5075ae56-ccfb-4f74-94b8-71e66b8e3b81}" ordinalvalue="10003">
                                <labels>
                                  <label description="Primary Email" languagecode="1033" solutionaction="Modified" />
                                </labels>
                              </cell>
                            </row>
                            <row>
                              <cell id="{6a2a2dea-f57b-4caf-bbc7-2273741f6b5a}" ordinalvalue="10004">
                                <labels>
                                  <label description="Mobile Phone" languagecode="1033" solutionaction="Modified" />
                                </labels>
                              </cell>
                            </row>
                            <row>
                              <cell id="{953c66e5-c67b-47c5-9b28-c5e01257e0e1}" ordinalvalue="10005">
                                <labels>
                                  <label description="Main Phone" languagecode="1033" solutionaction="Modified" />
                                </labels>
                              </cell>
                            </row>
                          </rows>
                        </section>
                      </sections>
                    </column>
                    <column width="25%" id="2">
                      <sections>
                        <section name="organization information" showlabel="true" showbar="true" id="{81278426-fb20-424e-91bd-7ceb5a6248d2}" IsUserDefined="0" locklevel="0" ordinalvalue="1">
                          <rows>
                            <row>
                              <cell id="{ac68a5d4-f211-47ec-ae05-e7d4c271a41d}" ordinalvalue="10000">
                                <labels>
                                  <label description="Territory" languagecode="1033" solutionaction="Modified" />
                                </labels>
                              </cell>
                            </row>
                            <row>
                              <cell id="{9d2ce97f-7bcc-4e5c-842b-465d803feb7c}" ordinalvalue="10001">
                                <labels>
                                  <label description="Business Unit" languagecode="1033" solutionaction="Modified" />
                                </labels>
                              </cell>
                            </row>
                            <row>
                              <cell auto="false" showlabel="true" locklevel="0" rowspan="1" colspan="1" id="{80d99dcb-d1e5-482f-b588-ba8524834bd0}" ordinalvalue="10002">
                                <labels>
                                  <label description="Site" languagecode="1033" solutionaction="Modified" />
                                </labels>
                              </cell>
                            </row>
                            <row>
                              <cell id="{09dc8a22-4e40-4911-8576-a5f10d6ee7d1}" ordinalvalue="10003">
                                <labels>
                                  <label description="Manager" languagecode="1033" solutionaction="Modified" />
                                </labels>
                              </cell>
                            </row>
                            <row>
                              <cell id="{5d84e90b-6b5f-419c-8bfd-a7e4f21ab1bb}" ordinalvalue="10004">
                                <labels>
                                  <label description="Position" languagecode="1033" solutionaction="Modified" />
                                </labels>
                              </cell>
                            </row>
                          </rows>
                        </section>
                        <section name="queue selection" showlabel="true" showbar="true" locklevel="0" id="{11aec2bb-ecbc-4d53-a409-f4b849f03e6e}" IsUserDefined="0" ordinalvalue="2">
                          <rows>
                            <row>
                              <cell id="{2a60273a-ec9b-4a97-9f28-b20899b1231c}" colspan="1" ordinalvalue="10000">
                                <labels>
                                  <label description="Default Queue" languagecode="1033" solutionaction="Modified" />
                                </labels>
                              </cell>
                            </row>
                          </rows>
                        </section>
                      </sections>
                    </column>
                  </columns>
                </tab>
                <tab name="DETAILS_TAB" id="{4feff6ea-5874-4746-aa30-353a3da2bd8c}" IsUserDefined="0" expanded="false" showlabel="true" ordinalvalue="3">
                  <columns>
                    <column width="34%" id="0">
                      <sections>
                        <section name="user information_2" showlabel="true" showbar="true" id="{807e902f-4627-49fc-9a26-01c226a2738c}" IsUserDefined="0" locklevel="0" ordinalvalue="0">
                          <rows>
                            <row>
                              <cell id="{41d6e8a4-1976-42ed-8b28-394d785fd4f1}" ordinalvalue="10000">
                                <labels>
                                  <label description="Home Phone" languagecode="1033" solutionaction="Modified" />
                                </labels>
                              </cell>
                            </row>
                            <row>
                              <cell id="{e1206dcc-62ee-4fd4-8ff8-1cb1929ff172}" ordinalvalue="10001">
                                <labels>
                                  <label description="Other Phone" languagecode="1033" solutionaction="Modified" />
                                </labels>
                              </cell>
                            </row>
                            <row>
                              <cell id="{77cd9aa1-1632-42ac-a8f5-ad2bb9b7b185}" ordinalvalue="10002">
                                <labels>
                                  <label description="Email 2" languagecode="1033" solutionaction="Modified" />
                                </labels>
                              </cell>
                            </row>
                            <row>
                              <cell id="{af75bb6f-4788-4208-be39-4ac3f97814ad}" ordinalvalue="10003">
                                <labels>
                                  <label description="Preferred Phone" languagecode="1033" solutionaction="Modified" />
                                </labels>
                              </cell>
                            </row>
                            <row>
                              <cell id="{3da30b5e-1134-4592-a50e-666ec71c5682}" ordinalvalue="10004">
                                <labels>
                                  <label description="Mobile Alert Email" languagecode="1033" solutionaction="Modified" />
                                </labels>
                              </cell>
                            </row>
                            <row>
                              <cell id="{b62f991d-a0d3-47ca-b5f7-3ff45b4d10ba}" ordinalvalue="10005">
                                <labels>
                                  <label description="Pager" languagecode="1033" solutionaction="Modified" />
                                </labels>
                              </cell>
                            </row>
                          </rows>
                        </section>
                      </sections>
                    </column>
                    <column width="50%" id="1">
                      <sections>
                        <section name="mailing address" showlabel="true" showbar="true" id="{9cce3064-bdb7-4bfd-ac2b-83eeaa9a34c7}" IsUserDefined="0" ordinalvalue="0">
                          <rows>
                            <row>
                              <cell id="{f9d3aefa-2658-4540-82a1-27a5d0ddfd82}" ordinalvalue="10000">
                                <labels>
                                  <label description="Preferred Address" languagecode="1033" solutionaction="Modified" />
                                </labels>
                              </cell>
                            </row>
                            <row>
                              <cell id="{543b4949-cc63-0d88-4812-6808255d6acc}" ordinalvalue="10001">
                                <labels>
                                  <label description="Address" languagecode="1033" solutionaction="Modified" />
                                </labels>
                              </cell>
                            </row>
                            <row>
                              <cell id="{707b1593-85b0-0000-3ead-b6cc4715e1d1}" ordinalvalue="10002">
                                <labels>
                                  <label description="Other Address" languagecode="1033" solutionaction="Modified" />
                                </labels>
                              </cell>
                            </row>
                          </rows>
                        </section>
                      </sections>
                    </column>
                  </columns>
                </tab>
                <tab name="ADMINISTRATION_TAB" id="{cdb4e61c-1e67-48ae-a26b-2b6852eedc86}" IsUserDefined="0" expanded="false" showlabel="true" ordinalvalue="4">
                  <columns>
                    <column width="100%" id="0">
                      <sections>
                        <section name="administration" showlabel="true" showbar="true" locklevel="0" id="{b003567f-dfc2-4d62-8099-d6ceeca69e88}" IsUserDefined="0" layout="varwidth" columns="11" ordinalvalue="0">
                          <rows>
                            <row>
                              <cell auto="false" showlabel="true" locklevel="0" rowspan="1" colspan="1" id="{4f9ae15e-74b8-4902-80fb-b09da583467b}" ordinalvalue="10000">
                                <labels>
                                  <label description="Access Mode" languagecode="1033" solutionaction="Modified" />
                                </labels>
                              </cell>
                            </row>
                            <row>
                              <cell auto="false" showlabel="true" locklevel="0" rowspan="1" colspan="1" id="{90c4f2cf-5933-4338-a791-119227fc1df1}" ordinalvalue="10002">
                                <labels>
                                  <label description="License Type" languagecode="1033" solutionaction="Modified" />
                                </labels>
                              </cell>
                            </row>
                          </rows>
                        </section>
                      </sections>
                    </column>
                    <column width="50%" id="1">
                      <sections>
                        <section name="e-mail configuration" showlabel="true" showbar="true" locklevel="0" id="{213541fd-4665-46d1-b0a3-095de74a8f17}" IsUserDefined="0" ordinalvalue="0">
                          <rows>
                            <row>
                              <cell id="{3e67f0f2-9ade-4d0f-88e5-e437f8648c9a}" ordinalvalue="10000">
                                <labels>
                                  <label description="Mailbox" languagecode="1033" solutionaction="Modified" />
                                </labels>
                              </cell>
                            </row>
                          </rows>
                        </section>
                      </sections>
                    </column>
                  </columns>
                </tab>
                <tab name="MobileOfflineProfile_TAB" id="{4624aa3e-fb33-42e7-87c2-ca7b810a81c1}" IsUserDefined="0" visible="false" ordinalvalue="5">
                  <columns>
                    <column width="100%" id="0">
                      <sections>
                        <section name="mobileofflineaccessinfo" showlabel="true" showbar="true" id="{a23f96fd-f7d4-428c-b57a-aff892bb862f}" labelwidth="200" celllabelposition="Left" IsUserDefined="0" ordinalvalue="0">
                          <rows>
                            <row>
                              <cell showlabel="true" locklevel="0" rowspan="1" colspan="1" id="{5f349331-5903-4c36-b8a3-6fa5e098dfc4}" ordinalvalue="10000">
                                <labels>
                                  <label description="Mobile Offline Profile" languagecode="1033" solutionaction="Modified" />
                                </labels>
                              </cell>
                            </row>
                          </rows>
                        </section>
                      </sections>
                    </column>
                  </columns>
                </tab>
                <tab id="{c4e0b8aa-677d-7ec7-c122-395b7a7cb297}" name="Omnichannel_TAB" expanded="true" showlabel="true" IsUserDefined="0" locklevel="0" ordinalvalue="6">
                  <columns>
                    <column width="34%" id="0">
                      <sections>
                        <section id="{505a3c80-c780-c391-c55b-be4ede01c339}" name="tab_6_section_2" showlabel="true" IsUserDefined="0" columns="1" locklevel="0" showbar="true" celllabelalignment="Left" celllabelposition="Left" labelwidth="115" layout="varwidth" ordinalvalue="0">
                          <rows>
                            <row>
                              <cell id="{db84c82c-4940-260e-1ace-a6d8d235555c}" showlabel="true" locklevel="0" ordinalvalue="10000">
                                <labels>
                                  <label description="Capacity" languagecode="1033" solutionaction="Modified" />
                                </labels>
                              </cell>
                            </row>
                            <row>
                              <cell id="{3d2d10dc-dd37-c959-5ed2-48660e5983b4}" showlabel="true" locklevel="0" ordinalvalue="10001">
                                <labels>
                                  <label description="Default Presence" languagecode="1033" solutionaction="Modified" />
                                </labels>
                              </cell>
                            </row>
                          </rows>
                        </section>
                      </sections>
                    </column>
                  </columns>
                </tab>
              </tabs>
              <footer id="{058ffe4f-005e-4a23-9c86-b5099fd9f03f}">
                <rows>
                  <row>
                    <cell id="{d74e895b-19f9-40d1-b485-cad00c6db033}" ordinalvalue="10000">
                      <labels>
                        <label description="Status" languagecode="1033" solutionaction="Modified" />
                      </labels>
                    </cell>
                  </row>
                </rows>
              </footer>
              <header id="{65626c77-ea6b-410c-92d9-8154fce40599}" celllabelposition="Top" columns="111" labelwidth="115" celllabelalignment="Left" solutionaction="Added">
                <rows>
                  <row>
                    <cell id="{e17a6ed4-f663-465c-8679-7033bb7627b9}" showlabel="false" ordinalvalue="10000">
                      <labels>
                        <label description="" languagecode="1033" />
                      </labels>
                    </cell>
                    <cell id="{bf8d0194-65e6-4aa1-8a22-f075d62f8155}" showlabel="false" ordinalvalue="20001">
                      <labels>
                        <label description="" languagecode="1033" />
                      </labels>
                    </cell>
                    <cell id="{610d5ad6-4380-4b0b-8f3a-6f3ddc66bf97}" showlabel="false" ordinalvalue="30002">
                      <labels>
                        <label description="" languagecode="1033" />
                      </labels>
                    </cell>
                  </row>
                </rows>
              </header>
            </form>
            <LocalizedNames>
              <LocalizedName description="User" languagecode="1033" />
            </LocalizedNames>
            <Descriptions>
              <Description description="Updated default User form" languagecode="1033" />
            </Descriptions>
          </systemform>
        </forms>
      </FormXml>
      <RibbonDiffXml>
        <CustomActions />
        <Templates>
          <RibbonTemplates Id="Mscrm.Templates"></RibbonTemplates>
        </Templates>
        <CommandDefinitions />
        <RuleDefinitions>
          <TabDisplayRules />
          <DisplayRules />
          <EnableRules />
        </RuleDefinitions>
        <LocLabels />
      </RibbonDiffXml>
    </Entity>
  </Entities>
  <Roles></Roles>
  <Workflows>
    <Workflow WorkflowId="{837a0ebf-adb6-ec11-983f-0022482bf535}" Name="Create task on update of contact">
      <JsonFileName>/Workflows/Createtaskonupdateofcontact-837A0EBF-ADB6-EC11-983F-0022482BF535.json</JsonFileName>
      <Type>1</Type>
      <Subprocess>0</Subprocess>
      <Category>5</Category>
      <Mode>0</Mode>
      <Scope>4</Scope>
      <OnDemand>0</OnDemand>
      <TriggerOnCreate>0</TriggerOnCreate>
      <TriggerOnDelete>0</TriggerOnDelete>
      <AsyncAutodelete>0</AsyncAutodelete>
      <SyncWorkflowLogOnFailure>0</SyncWorkflowLogOnFailure>
      <StateCode>0</StateCode>
      <StatusCode>1</StatusCode>
      <RunAs>1</RunAs>
      <IsTransacted>1</IsTransacted>
      <IntroducedVersion>1.0.0.0</IntroducedVersion>
      <IsCustomizable>1</IsCustomizable>
      <BusinessProcessType>0</BusinessProcessType>
      <IsCustomProcessingStepAllowedForOtherPublishers>1</IsCustomProcessingStepAllowedForOtherPublishers>
      <PrimaryEntity>none</PrimaryEntity>
      <LocalizedNames>
        <LocalizedName languagecode="1033" description="Create task on update of contact" />
      </LocalizedNames>
    </Workflow>
  </Workflows>
  <FieldSecurityProfiles></FieldSecurityProfiles>
  <Templates />
  <EntityMaps />
  <EntityRelationships />
  <OrganizationSettings />
  <optionsets />
  <CustomControls />
  <EntityDataProviders />
  <CanvasApps>
    <CanvasApp>
      <Name>jd_jddemo_371e4</Name>
      <AppVersion>2023-12-13T14:59:52Z</AppVersion>
      <Status>Ready</Status>
      <CreatedByClientVersion>3.23114.25.0</CreatedByClientVersion>
      <MinClientVersion>3.23114.25.0</MinClientVersion>
      <Tags>{"primaryDeviceWidth":"1366","primaryDeviceHeight":"768","supportsPortrait":"true","supportsLandscape":"true","primaryFormFactor":"Tablet","showStatusBar":"false","publisherVersion":"3.23114.25","minimumRequiredApiVersion":"2.2.0","hasComponent":"false","hasUnlockedComponent":"false","isUnifiedRootApp":"false","offlineLargeFilesSupport":"false"}</Tags>
      <IsCdsUpgraded>0</IsCdsUpgraded>
      <GalleryItemId xsi:nil="true"></GalleryItemId>
      <BackgroundColor>RGBA(0,176,240,1)</BackgroundColor>
      <DisplayName>jd_demo</DisplayName>
      <Description xsi:nil="true"></Description>
      <CommitMessage xsi:nil="true"></CommitMessage>
      <Publisher xsi:nil="true"></Publisher>
      <AuthorizationReferences>[]</AuthorizationReferences>
      <ConnectionReferences>{}</ConnectionReferences>
      <DatabaseReferences>{"default.cds":{"databaseDetails":{"referenceType":"NotSpecified","environmentName":"default.cds","overrideValues":{"status":"NotSpecified","environmentVariableName":""}},"dataSources":{"Contacts":{"entitySetName":"contacts","logicalName":"contact"}}}}</DatabaseReferences>
      <AppComponents>[]</AppComponents>
      <AppComponentDependencies>[]</AppComponentDependencies>
      <CanConsumeAppPass>1</CanConsumeAppPass>
      <CanvasAppType>0</CanvasAppType>
      <BypassConsent>0</BypassConsent>
      <AdminControlBypassConsent>0</AdminControlBypassConsent>
      <EmbeddedApp xsi:nil="true"></EmbeddedApp>
      <IntroducedVersion>1.0</IntroducedVersion>
      <CdsDependencies>{"cdsdependencies":[{"logicalname":"contact","componenttype":1}]}</CdsDependencies>
      <IsCustomizable>1</IsCustomizable>
      <BackgroundImageUri>/CanvasApps/jd_jddemo_371e4_BackgroundImageUri</BackgroundImageUri>
      <DocumentUri>/CanvasApps/jd_jddemo_371e4_DocumentUri.msapp</DocumentUri>
      <AdditionalUris>
        <AdditionalUri>/CanvasApps/jd_jddemo_371e4_AdditionalUris0_identity.json</AdditionalUri>
      </AdditionalUris>
    </CanvasApp>
  </CanvasApps>
  <connectionreferences>
    <connectionreference connectionreferencelogicalname="msdyn_Dataverse"></connectionreference>
  </connectionreferences>
  <Languages>
    <Language>1033</Language>
  </Languages>
</ImportExportXml>